image_dir,image_url,format,size,mode
unsplash_images\image_0,https://unsplash-assets.imgix.net/unsplashplus/asset-plus-017.jpg?dpr=1&h=304&w=304&crop=focalpoint&fp-y=0.4&auto=format&fit=crop&q=60,JPEG,"(304, 304)",RGB
unsplash_images\image_1,https://unsplash-assets.imgix.net/unsplashplus/asset-plus-018.jpg?dpr=1&h=304&w=304&crop=focalpoint&fp-y=0.51&auto=format&fit=crop&q=60,JPEG,"(304, 304)",RGB
unsplash_images\image_2,https://unsplash-assets.imgix.net/unsplashplus/asset-plus-004.jpg?dpr=1&h=304&w=304&crop=faces&auto=format&fit=crop&q=60,JPEG,"(304, 304)",RGB
unsplash_images\image_3,https://unsplash-assets.imgix.net/unsplashplus/asset-plus-005.jpg?dpr=1&h=304&w=304&crop=faces&auto=format&fit=crop&q=60,JPEG,"(304, 304)",RGB
unsplash_images\image_4,https://unsplash-assets.imgix.net/unsplashplus/asset-plus-017.jpg?dpr=1&h=304&w=304&auto=format&fit=crop&q=60,JPEG,"(304, 304)",RGB
unsplash_images\image_5,https://unsplash-assets.imgix.net/unsplashplus/asset-plus-018.jpg?dpr=1&h=304&w=304&auto=format&fit=crop&q=60,JPEG,"(304, 304)",RGB
unsplash_images\image_6,https://unsplash-assets.imgix.net/unsplashplus/asset-plus-004.jpg?dpr=1&h=304&w=304&crop=focalpoint&fp-x=0&fp-y=0.4&q=80&auto=format&fit=crop,JPEG,"(304, 304)",RGB
unsplash_images\image_7,https://unsplash-assets.imgix.net/unsplashplus/asset-plus-005.jpg?dpr=1&h=304&w=304&auto=format&fit=crop&q=60,JPEG,"(304, 304)",RGB
unsplash_images\image_8,https://unsplash-assets.imgix.net/unsplashplus/asset-plus-017.jpg?dpr=1&h=168&w=340&crop=focalpoint&fp-y=0.4&auto=format&fit=crop&q=60,JPEG,"(340, 168)",RGB
unsplash_images\image_9,https://unsplash-assets.imgix.net/unsplashplus/asset-plus-018.jpg?dpr=1&h=168&w=340&crop=focalpoint&fp-y=0.51&auto=format&fit=crop&q=60,JPEG,"(340, 168)",RGB
unsplash_images\image_10,https://unsplash-assets.imgix.net/unsplashplus/asset-plus-004.jpg?dpr=1&h=168&w=340&crop=faces&auto=format&fit=crop&q=60,JPEG,"(340, 168)",RGB
unsplash_images\image_11,https://unsplash-assets.imgix.net/unsplashplus/asset-plus-005.jpg?dpr=1&h=168&w=340&crop=faces&auto=format&fit=crop&q=60,JPEG,"(340, 168)",RGB
unsplash_images\image_12,https://unsplash-assets.imgix.net/unsplashplus/asset-plus-017.jpg?dpr=1&h=168&w=340&auto=format&fit=crop&q=60,JPEG,"(340, 168)",RGB
unsplash_images\image_13,https://unsplash-assets.imgix.net/unsplashplus/asset-plus-018.jpg?dpr=1&h=168&w=340&auto=format&fit=crop&q=60,JPEG,"(340, 168)",RGB
unsplash_images\image_14,https://unsplash-assets.imgix.net/unsplashplus/asset-plus-004.jpg?dpr=1&h=168&w=340&crop=focalpoint&fp-x=0&fp-y=0.4&q=80&auto=format&fit=crop,JPEG,"(340, 168)",RGB
unsplash_images\image_15,https://unsplash-assets.imgix.net/unsplashplus/asset-plus-005.jpg?dpr=1&h=168&w=340&auto=format&fit=crop&q=60,JPEG,"(340, 168)",RGB
unsplash_images\image_16,https://plus.unsplash.com/premium_photo-1715876268438-4a2261534508?dpr=1&h=40&w=40&auto=format&fit=crop&q=60&ixlib=rb-4.0.3,JPEG,"(40, 40)",RGB
unsplash_images\image_17,https://plus.unsplash.com/premium_photo-1664643217217-729c0828d74a?dpr=1&h=40&w=40&auto=format&fit=crop&q=60&ixlib=rb-4.0.3,JPEG,"(40, 40)",RGB
unsplash_images\image_18,https://plus.unsplash.com/premium_photo-1717529138037-f27f86f539f2?dpr=1&h=40&w=40&auto=format&fit=crop&q=60&ixlib=rb-4.0.3,JPEG,"(40, 40)",RGB
unsplash_images\image_19,https://plus.unsplash.com/premium_vector-1713201017274-e9e97d783e75?dpr=1&h=40&w=40&auto=format&fit=crop&q=60&ixlib=rb-4.0.3,PNG,"(40, 40)",RGB
unsplash_images\image_20,https://images.unsplash.com/profile-1694767289046-949fd067d63aimage?bg=fff&crop=faces&dpr=1&h=16&w=16&auto=format&fit=crop&q=60&ixlib=rb-4.0.3,PNG,"(16, 16)",RGB
unsplash_images\image_22,https://plus.unsplash.com/premium_photo-1718119453300-73be4e1b6212?w=100&auto=format&fit=crop&q=60&ixlib=rb-4.0.3&ixid=M3wxMjA3fDB8MHxlZGl0b3JpYWwtZmVlZHwxfHx8ZW58MHx8fHx8,JPEG,"(100, 67)",RGB
unsplash_images\image_23,https://images.unsplash.com/profile-1613240527436-1c95e145f379image?bg=fff&crop=faces&dpr=1&h=32&w=32&auto=format&fit=crop&q=60&ixlib=rb-4.0.3,JPEG,"(32, 32)",RGB
unsplash_images\image_25,https://images.unsplash.com/photo-1718889339117-d90a40b1250b?w=100&auto=format&fit=crop&q=60&ixlib=rb-4.0.3&ixid=M3wxMjA3fDB8MHxlZGl0b3JpYWwtZmVlZHwyfHx8ZW58MHx8fHx8,JPEG,"(100, 150)",RGB
unsplash_images\image_26,https://images.unsplash.com/profile-1636120734399-b8d2e59725ff?bg=fff&crop=faces&dpr=1&h=32&w=32&auto=format&fit=crop&q=60&ixlib=rb-4.0.3,JPEG,"(32, 32)",RGB
unsplash_images\image_28,https://images.unsplash.com/photo-1718879329466-e19c8841b7bd?w=100&auto=format&fit=crop&q=60&ixlib=rb-4.0.3&ixid=M3wxMjA3fDB8MHxlZGl0b3JpYWwtZmVlZHwzfHx8ZW58MHx8fHx8,JPEG,"(100, 146)",RGB
unsplash_images\image_29,https://images.unsplash.com/profile-1680124855887-20aae6d9000d?bg=fff&crop=faces&dpr=1&h=32&w=32&auto=format&fit=crop&q=60&ixlib=rb-4.0.3,JPEG,"(32, 32)",RGB
unsplash_images\image_31,https://images.unsplash.com/photo-1718809070374-e373e7c41414?w=100&auto=format&fit=crop&q=60&ixlib=rb-4.0.3&ixid=M3wxMjA3fDB8MHxlZGl0b3JpYWwtZmVlZHw0fHx8ZW58MHx8fHx8,JPEG,"(100, 150)",RGB
unsplash_images\image_32,https://images.unsplash.com/profile-1699557651871-54656a2f2f63image?bg=fff&crop=faces&dpr=1&h=16&w=16&auto=format&fit=crop&q=60&ixlib=rb-4.0.3,JPEG,"(16, 16)",RGB
unsplash_images\image_34,https://plus.unsplash.com/premium_photo-1714226830474-e0b8b733340b?w=100&auto=format&fit=crop&q=60&ixlib=rb-4.0.3&ixid=M3wxMjA3fDB8MHxlZGl0b3JpYWwtZmVlZHw1fHx8ZW58MHx8fHx8,JPEG,"(100, 67)",RGB
unsplash_images\image_35,https://images.unsplash.com/profile-1680124855887-20aae6d9000d?bg=fff&crop=faces&dpr=1&h=32&w=32&auto=format&fit=crop&q=60&ixlib=rb-4.0.3,JPEG,"(32, 32)",RGB
unsplash_images\image_37,https://images.unsplash.com/photo-1718809070510-371f29994edd?w=100&auto=format&fit=crop&q=60&ixlib=rb-4.0.3&ixid=M3wxMjA3fDB8MHxlZGl0b3JpYWwtZmVlZHw2fHx8ZW58MHx8fHx8,JPEG,"(100, 150)",RGB
unsplash_images\image_38,https://images.unsplash.com/profile-1685555906508-b3feca7ed0abimage?bg=fff&crop=faces&dpr=1&h=32&w=32&auto=format&fit=crop&q=60&ixlib=rb-4.0.3,JPEG,"(32, 32)",RGB
unsplash_images\image_40,https://images.unsplash.com/photo-1718703357908-4eafafd2df56?w=100&auto=format&fit=crop&q=60&ixlib=rb-4.0.3&ixid=M3wxMjA3fDB8MHxlZGl0b3JpYWwtZmVlZHw3fHx8ZW58MHx8fHx8,JPEG,"(100, 150)",RGB
unsplash_images\image_41,https://images.unsplash.com/placeholder-avatars/extra-large.jpg?bg=fff&crop=faces&dpr=1&h=32&w=32&auto=format&fit=crop&q=60&ixlib=rb-4.0.3,JPEG,"(32, 32)",RGB
unsplash_images\image_43,https://images.unsplash.com/photo-1718062457138-2d6fcab216d9?w=100&auto=format&fit=crop&q=60&ixlib=rb-4.0.3&ixid=M3wxMjA3fDB8MHxlZGl0b3JpYWwtZmVlZHw4fHx8ZW58MHx8fHx8,JPEG,"(100, 48)",RGB
unsplash_images\image_44,https://images.unsplash.com/profile-1661537276190-b27bf63fd940image?bg=fff&crop=faces&dpr=1&h=16&w=16&auto=format&fit=crop&q=60&ixlib=rb-4.0.3,JPEG,"(16, 16)",RGB
unsplash_images\image_46,https://plus.unsplash.com/premium_photo-1661765778256-169bf5e561a6?w=100&auto=format&fit=crop&q=60&ixlib=rb-4.0.3&ixid=M3wxMjA3fDB8MHxlZGl0b3JpYWwtZmVlZHw5fHx8ZW58MHx8fHx8,JPEG,"(100, 67)",RGB
unsplash_images\image_47,https://images.unsplash.com/profile-1716388541581-d6270b456c28image?bg=fff&crop=faces&dpr=1&h=32&w=32&auto=format&fit=crop&q=60&ixlib=rb-4.0.3,PNG,"(32, 32)",P
unsplash_images\image_49,https://images.unsplash.com/photo-1719046341462-d65e03c776ab?w=100&auto=format&fit=crop&q=60&ixlib=rb-4.0.3&ixid=M3wxMjA3fDB8MHxlZGl0b3JpYWwtZmVlZHwxMHx8fGVufDB8fHx8fA%3D%3D,JPEG,"(100, 75)",RGB
unsplash_images\image_50,https://images.unsplash.com/profile-1714624566646-7bdf9752f1f5?bg=fff&crop=faces&dpr=1&h=32&w=32&auto=format&fit=crop&q=60&ixlib=rb-4.0.3,JPEG,"(32, 32)",RGB
unsplash_images\image_52,https://images.unsplash.com/photo-1715796816241-c12a64eaf2c8?w=100&auto=format&fit=crop&q=60&ixlib=rb-4.0.3&ixid=M3wxMjA3fDB8MHxlZGl0b3JpYWwtZmVlZHwxMXx8fGVufDB8fHx8fA%3D%3D,JPEG,"(100, 148)",RGB
unsplash_images\image_53,https://images.unsplash.com/profile-1707511704628-9d7ff03b0524image?bg=fff&crop=faces&dpr=1&h=32&w=32&auto=format&fit=crop&q=60&ixlib=rb-4.0.3,JPEG,"(32, 32)",RGB
unsplash_images\image_55,https://images.unsplash.com/photo-1718973818150-9c0c855d33b0?w=100&auto=format&fit=crop&q=60&ixlib=rb-4.0.3&ixid=M3wxMjA3fDB8MHxlZGl0b3JpYWwtZmVlZHwxMnx8fGVufDB8fHx8fA%3D%3D,JPEG,"(100, 56)",RGB
unsplash_images\image_56,https://images.unsplash.com/profile-1693018240065-59fbc5239128image?bg=fff&crop=faces&dpr=1&h=16&w=16&auto=format&fit=crop&q=60&ixlib=rb-4.0.3,JPEG,"(16, 16)",RGB
unsplash_images\image_58,https://plus.unsplash.com/premium_photo-1714675739336-0e4bc18f70a8?w=100&auto=format&fit=crop&q=60&ixlib=rb-4.0.3&ixid=M3wxMjA3fDB8MHxlZGl0b3JpYWwtZmVlZHwxM3x8fGVufDB8fHx8fA%3D%3D,JPEG,"(100, 150)",RGB
unsplash_images\image_59,https://images.unsplash.com/profile-1691306379908-e083d0dc5521?bg=fff&crop=faces&dpr=1&h=32&w=32&auto=format&fit=crop&q=60&ixlib=rb-4.0.3,JPEG,"(32, 32)",RGB
unsplash_images\image_61,https://images.unsplash.com/photo-1718963892270-04300c864522?w=100&auto=format&fit=crop&q=60&ixlib=rb-4.0.3&ixid=M3wxMjA3fDB8MHxlZGl0b3JpYWwtZmVlZHwxNHx8fGVufDB8fHx8fA%3D%3D,JPEG,"(100, 150)",RGB
unsplash_images\image_62,https://images.unsplash.com/profile-1718048948374-5edc6bb23171image?bg=fff&crop=faces&dpr=1&h=32&w=32&auto=format&fit=crop&q=60&ixlib=rb-4.0.3,JPEG,"(32, 32)",RGB
unsplash_images\image_64,https://images.unsplash.com/photo-1719150006655-62fdcadf01a7?w=100&auto=format&fit=crop&q=60&ixlib=rb-4.0.3&ixid=M3wxMjA3fDB8MHxlZGl0b3JpYWwtZmVlZHwxNXx8fGVufDB8fHx8fA%3D%3D,JPEG,"(100, 150)",RGB
unsplash_images\image_65,https://images.unsplash.com/profile-fb-1574797093-784a254a1f83.jpg?bg=fff&crop=faces&dpr=1&h=32&w=32&auto=format&fit=crop&q=60&ixlib=rb-4.0.3,JPEG,"(32, 32)",RGB
unsplash_images\image_67,https://images.unsplash.com/photo-1719208750955-cb740a420cf7?w=100&auto=format&fit=crop&q=60&ixlib=rb-4.0.3&ixid=M3wxMjA3fDB8MHxlZGl0b3JpYWwtZmVlZHwxNnx8fGVufDB8fHx8fA%3D%3D,JPEG,"(100, 150)",RGB
unsplash_images\image_68,https://images.unsplash.com/profile-1707923553438-3852a815ee92image?bg=fff&crop=faces&dpr=1&h=16&w=16&auto=format&fit=crop&q=60&ixlib=rb-4.0.3,PNG,"(16, 16)",RGB
unsplash_images\image_70,https://plus.unsplash.com/premium_photo-1714510332132-b3074b75a312?w=100&auto=format&fit=crop&q=60&ixlib=rb-4.0.3&ixid=M3wxMjA3fDB8MHxlZGl0b3JpYWwtZmVlZHwxN3x8fGVufDB8fHx8fA%3D%3D,JPEG,"(100, 72)",RGB
unsplash_images\image_71,https://images.unsplash.com/profile-1676863170753-b887671cba6b?bg=fff&crop=faces&dpr=1&h=32&w=32&auto=format&fit=crop&q=60&ixlib=rb-4.0.3,JPEG,"(32, 32)",RGB
unsplash_images\image_73,https://images.unsplash.com/photo-1719206835965-088ed79e95e2?w=100&auto=format&fit=crop&q=60&ixlib=rb-4.0.3&ixid=M3wxMjA3fDB8MHxlZGl0b3JpYWwtZmVlZHwxOHx8fGVufDB8fHx8fA%3D%3D,JPEG,"(100, 150)",RGB
unsplash_images\image_74,https://images.unsplash.com/profile-fb-1545878736-f4f19f671e1a.jpg?bg=fff&crop=faces&dpr=1&h=32&w=32&auto=format&fit=crop&q=60&ixlib=rb-4.0.3,JPEG,"(32, 32)",RGB
unsplash_images\image_76,https://images.unsplash.com/photo-1719129271869-7ea84f6335c0?w=100&auto=format&fit=crop&q=60&ixlib=rb-4.0.3&ixid=M3wxMjA3fDB8MHxlZGl0b3JpYWwtZmVlZHwxOXx8fGVufDB8fHx8fA%3D%3D,JPEG,"(100, 67)",RGB
unsplash_images\image_77,https://images.unsplash.com/profile-1708755306433-16b9a7e1585b?bg=fff&crop=faces&dpr=1&h=32&w=32&auto=format&fit=crop&q=60&ixlib=rb-4.0.3,JPEG,"(32, 32)",RGB
unsplash_images\image_79,https://images.unsplash.com/photo-1719145177916-1b19e965af72?w=100&auto=format&fit=crop&q=60&ixlib=rb-4.0.3&ixid=M3wxMjA3fDB8MHxlZGl0b3JpYWwtZmVlZHwyMHx8fGVufDB8fHx8fA%3D%3D,JPEG,"(100, 67)",RGB
unsplash_images\image_80,https://images.unsplash.com/profile-1694767289046-949fd067d63aimage?bg=fff&crop=faces&dpr=1&h=16&w=16&auto=format&fit=crop&q=60&ixlib=rb-4.0.3,PNG,"(16, 16)",RGB
unsplash_images\image_82,https://plus.unsplash.com/premium_photo-1716113144091-b39ddf3f045a?w=100&auto=format&fit=crop&q=60&ixlib=rb-4.0.3&ixid=M3wxMjA3fDB8MHxlZGl0b3JpYWwtZmVlZHwyMXx8fGVufDB8fHx8fA%3D%3D,JPEG,"(100, 67)",RGB
unsplash_images\image_83,https://images.unsplash.com/profile-1592328433409-d9ce8a5333eaimage?bg=fff&crop=faces&dpr=1&h=32&w=32&auto=format&fit=crop&q=60&ixlib=rb-4.0.3,JPEG,"(32, 32)",RGB
unsplash_images\image_85,https://images.unsplash.com/photo-1719217469234-bb53c12ed515?w=100&auto=format&fit=crop&q=60&ixlib=rb-4.0.3&ixid=M3wxMjA3fDB8MHxlZGl0b3JpYWwtZmVlZHwyMnx8fGVufDB8fHx8fA%3D%3D,JPEG,"(100, 67)",RGB
unsplash_images\image_86,https://images.unsplash.com/profile-1718775925742-6a6d8c4db02b?bg=fff&crop=faces&dpr=1&h=32&w=32&auto=format&fit=crop&q=60&ixlib=rb-4.0.3,JPEG,"(32, 32)",RGB
unsplash_images\image_88,https://images.unsplash.com/photo-1719240286501-dfd3f531b919?w=100&auto=format&fit=crop&q=60&ixlib=rb-4.0.3&ixid=M3wxMjA3fDB8MHxlZGl0b3JpYWwtZmVlZHwyM3x8fGVufDB8fHx8fA%3D%3D,JPEG,"(100, 150)",RGB
unsplash_images\image_89,https://images.unsplash.com/profile-1576498098345-dce27953537aimage?bg=fff&crop=faces&dpr=1&h=32&w=32&auto=format&fit=crop&q=60&ixlib=rb-4.0.3,JPEG,"(32, 32)",RGB
unsplash_images\image_91,https://images.unsplash.com/photo-1719257726822-9899127bb072?w=100&auto=format&fit=crop&q=60&ixlib=rb-4.0.3&ixid=M3wxMjA3fDB8MHxlZGl0b3JpYWwtZmVlZHwyNHx8fGVufDB8fHx8fA%3D%3D,JPEG,"(100, 143)",RGB
unsplash_images\image_93,https://plus.unsplash.com/premium_photo-1718119453300-73be4e1b6212?w=100&auto=format&fit=crop&q=60&ixlib=rb-4.0.3&ixid=M3wxMjA3fDB8MHxlZGl0b3JpYWwtZmVlZHwxfHx8ZW58MHx8fHx8,JPEG,"(100, 67)",RGB
unsplash_images\image_95,https://images.unsplash.com/photo-1718879329466-e19c8841b7bd?w=100&auto=format&fit=crop&q=60&ixlib=rb-4.0.3&ixid=M3wxMjA3fDB8MHxlZGl0b3JpYWwtZmVlZHwzfHx8ZW58MHx8fHx8,JPEG,"(100, 146)",RGB
unsplash_images\image_97,https://plus.unsplash.com/premium_photo-1714226830474-e0b8b733340b?w=100&auto=format&fit=crop&q=60&ixlib=rb-4.0.3&ixid=M3wxMjA3fDB8MHxlZGl0b3JpYWwtZmVlZHw1fHx8ZW58MHx8fHx8,JPEG,"(100, 67)",RGB
unsplash_images\image_99,https://images.unsplash.com/photo-1718809070510-371f29994edd?w=100&auto=format&fit=crop&q=60&ixlib=rb-4.0.3&ixid=M3wxMjA3fDB8MHxlZGl0b3JpYWwtZmVlZHw2fHx8ZW58MHx8fHx8,JPEG,"(100, 150)",RGB
unsplash_images\image_101,https://images.unsplash.com/photo-1718062457138-2d6fcab216d9?w=100&auto=format&fit=crop&q=60&ixlib=rb-4.0.3&ixid=M3wxMjA3fDB8MHxlZGl0b3JpYWwtZmVlZHw4fHx8ZW58MHx8fHx8,JPEG,"(100, 48)",RGB
unsplash_images\image_103,https://images.unsplash.com/photo-1719046341462-d65e03c776ab?w=100&auto=format&fit=crop&q=60&ixlib=rb-4.0.3&ixid=M3wxMjA3fDB8MHxlZGl0b3JpYWwtZmVlZHwxMHx8fGVufDB8fHx8fA%3D%3D,JPEG,"(100, 75)",RGB
unsplash_images\image_105,https://images.unsplash.com/photo-1718973818150-9c0c855d33b0?w=100&auto=format&fit=crop&q=60&ixlib=rb-4.0.3&ixid=M3wxMjA3fDB8MHxlZGl0b3JpYWwtZmVlZHwxMnx8fGVufDB8fHx8fA%3D%3D,JPEG,"(100, 56)",RGB
unsplash_images\image_107,https://plus.unsplash.com/premium_photo-1714675739336-0e4bc18f70a8?w=100&auto=format&fit=crop&q=60&ixlib=rb-4.0.3&ixid=M3wxMjA3fDB8MHxlZGl0b3JpYWwtZmVlZHwxM3x8fGVufDB8fHx8fA%3D%3D,JPEG,"(100, 150)",RGB
unsplash_images\image_109,https://images.unsplash.com/photo-1719150006655-62fdcadf01a7?w=100&auto=format&fit=crop&q=60&ixlib=rb-4.0.3&ixid=M3wxMjA3fDB8MHxlZGl0b3JpYWwtZmVlZHwxNXx8fGVufDB8fHx8fA%3D%3D,JPEG,"(100, 150)",RGB
unsplash_images\image_111,https://plus.unsplash.com/premium_photo-1714510332132-b3074b75a312?w=100&auto=format&fit=crop&q=60&ixlib=rb-4.0.3&ixid=M3wxMjA3fDB8MHxlZGl0b3JpYWwtZmVlZHwxN3x8fGVufDB8fHx8fA%3D%3D,JPEG,"(100, 72)",RGB
unsplash_images\image_113,https://images.unsplash.com/photo-1719129271869-7ea84f6335c0?w=100&auto=format&fit=crop&q=60&ixlib=rb-4.0.3&ixid=M3wxMjA3fDB8MHxlZGl0b3JpYWwtZmVlZHwxOXx8fGVufDB8fHx8fA%3D%3D,JPEG,"(100, 67)",RGB
unsplash_images\image_115,https://images.unsplash.com/photo-1719145177916-1b19e965af72?w=100&auto=format&fit=crop&q=60&ixlib=rb-4.0.3&ixid=M3wxMjA3fDB8MHxlZGl0b3JpYWwtZmVlZHwyMHx8fGVufDB8fHx8fA%3D%3D,JPEG,"(100, 67)",RGB
unsplash_images\image_117,https://plus.unsplash.com/premium_photo-1716113144091-b39ddf3f045a?w=100&auto=format&fit=crop&q=60&ixlib=rb-4.0.3&ixid=M3wxMjA3fDB8MHxlZGl0b3JpYWwtZmVlZHwyMXx8fGVufDB8fHx8fA%3D%3D,JPEG,"(100, 67)",RGB
unsplash_images\image_119,https://images.unsplash.com/photo-1719240286501-dfd3f531b919?w=100&auto=format&fit=crop&q=60&ixlib=rb-4.0.3&ixid=M3wxMjA3fDB8MHxlZGl0b3JpYWwtZmVlZHwyM3x8fGVufDB8fHx8fA%3D%3D,JPEG,"(100, 150)",RGB
unsplash_images\image_121,https://images.unsplash.com/photo-1718889339117-d90a40b1250b?w=100&auto=format&fit=crop&q=60&ixlib=rb-4.0.3&ixid=M3wxMjA3fDB8MHxlZGl0b3JpYWwtZmVlZHwyfHx8ZW58MHx8fHx8,JPEG,"(100, 150)",RGB
unsplash_images\image_123,https://images.unsplash.com/photo-1718809070374-e373e7c41414?w=100&auto=format&fit=crop&q=60&ixlib=rb-4.0.3&ixid=M3wxMjA3fDB8MHxlZGl0b3JpYWwtZmVlZHw0fHx8ZW58MHx8fHx8,JPEG,"(100, 150)",RGB
unsplash_images\image_125,https://images.unsplash.com/photo-1718703357908-4eafafd2df56?w=100&auto=format&fit=crop&q=60&ixlib=rb-4.0.3&ixid=M3wxMjA3fDB8MHxlZGl0b3JpYWwtZmVlZHw3fHx8ZW58MHx8fHx8,JPEG,"(100, 150)",RGB
unsplash_images\image_127,https://plus.unsplash.com/premium_photo-1661765778256-169bf5e561a6?w=100&auto=format&fit=crop&q=60&ixlib=rb-4.0.3&ixid=M3wxMjA3fDB8MHxlZGl0b3JpYWwtZmVlZHw5fHx8ZW58MHx8fHx8,JPEG,"(100, 67)",RGB
unsplash_images\image_129,https://images.unsplash.com/photo-1715796816241-c12a64eaf2c8?w=100&auto=format&fit=crop&q=60&ixlib=rb-4.0.3&ixid=M3wxMjA3fDB8MHxlZGl0b3JpYWwtZmVlZHwxMXx8fGVufDB8fHx8fA%3D%3D,JPEG,"(100, 148)",RGB
unsplash_images\image_131,https://images.unsplash.com/photo-1718963892270-04300c864522?w=100&auto=format&fit=crop&q=60&ixlib=rb-4.0.3&ixid=M3wxMjA3fDB8MHxlZGl0b3JpYWwtZmVlZHwxNHx8fGVufDB8fHx8fA%3D%3D,JPEG,"(100, 150)",RGB
unsplash_images\image_133,https://images.unsplash.com/photo-1719208750955-cb740a420cf7?w=100&auto=format&fit=crop&q=60&ixlib=rb-4.0.3&ixid=M3wxMjA3fDB8MHxlZGl0b3JpYWwtZmVlZHwxNnx8fGVufDB8fHx8fA%3D%3D,JPEG,"(100, 150)",RGB
unsplash_images\image_135,https://images.unsplash.com/photo-1719206835965-088ed79e95e2?w=100&auto=format&fit=crop&q=60&ixlib=rb-4.0.3&ixid=M3wxMjA3fDB8MHxlZGl0b3JpYWwtZmVlZHwxOHx8fGVufDB8fHx8fA%3D%3D,JPEG,"(100, 150)",RGB
unsplash_images\image_137,https://images.unsplash.com/photo-1719217469234-bb53c12ed515?w=100&auto=format&fit=crop&q=60&ixlib=rb-4.0.3&ixid=M3wxMjA3fDB8MHxlZGl0b3JpYWwtZmVlZHwyMnx8fGVufDB8fHx8fA%3D%3D,JPEG,"(100, 67)",RGB
unsplash_images\image_139,https://images.unsplash.com/photo-1719257726822-9899127bb072?w=100&auto=format&fit=crop&q=60&ixlib=rb-4.0.3&ixid=M3wxMjA3fDB8MHxlZGl0b3JpYWwtZmVlZHwyNHx8fGVufDB8fHx8fA%3D%3D,JPEG,"(100, 143)",RGB
unsplash_images\image_141,https://plus.unsplash.com/premium_photo-1718119453300-73be4e1b6212?w=100&auto=format&fit=crop&q=60&ixlib=rb-4.0.3&ixid=M3wxMjA3fDB8MHxlZGl0b3JpYWwtZmVlZHwxfHx8ZW58MHx8fHx8,JPEG,"(100, 67)",RGB
unsplash_images\image_143,https://images.unsplash.com/photo-1718809070374-e373e7c41414?w=100&auto=format&fit=crop&q=60&ixlib=rb-4.0.3&ixid=M3wxMjA3fDB8MHxlZGl0b3JpYWwtZmVlZHw0fHx8ZW58MHx8fHx8,JPEG,"(100, 150)",RGB
unsplash_images\image_145,https://images.unsplash.com/photo-1718062457138-2d6fcab216d9?w=100&auto=format&fit=crop&q=60&ixlib=rb-4.0.3&ixid=M3wxMjA3fDB8MHxlZGl0b3JpYWwtZmVlZHw4fHx8ZW58MHx8fHx8,JPEG,"(100, 48)",RGB
unsplash_images\image_147,https://plus.unsplash.com/premium_photo-1661765778256-169bf5e561a6?w=100&auto=format&fit=crop&q=60&ixlib=rb-4.0.3&ixid=M3wxMjA3fDB8MHxlZGl0b3JpYWwtZmVlZHw5fHx8ZW58MHx8fHx8,JPEG,"(100, 67)",RGB
unsplash_images\image_149,https://images.unsplash.com/photo-1715796816241-c12a64eaf2c8?w=100&auto=format&fit=crop&q=60&ixlib=rb-4.0.3&ixid=M3wxMjA3fDB8MHxlZGl0b3JpYWwtZmVlZHwxMXx8fGVufDB8fHx8fA%3D%3D,JPEG,"(100, 148)",RGB
unsplash_images\image_151,https://images.unsplash.com/photo-1719150006655-62fdcadf01a7?w=100&auto=format&fit=crop&q=60&ixlib=rb-4.0.3&ixid=M3wxMjA3fDB8MHxlZGl0b3JpYWwtZmVlZHwxNXx8fGVufDB8fHx8fA%3D%3D,JPEG,"(100, 150)",RGB
unsplash_images\image_153,https://images.unsplash.com/photo-1719206835965-088ed79e95e2?w=100&auto=format&fit=crop&q=60&ixlib=rb-4.0.3&ixid=M3wxMjA3fDB8MHxlZGl0b3JpYWwtZmVlZHwxOHx8fGVufDB8fHx8fA%3D%3D,JPEG,"(100, 150)",RGB
unsplash_images\image_155,https://images.unsplash.com/photo-1719257726822-9899127bb072?w=100&auto=format&fit=crop&q=60&ixlib=rb-4.0.3&ixid=M3wxMjA3fDB8MHxlZGl0b3JpYWwtZmVlZHwyNHx8fGVufDB8fHx8fA%3D%3D,JPEG,"(100, 143)",RGB
unsplash_images\image_157,https://images.unsplash.com/photo-1718889339117-d90a40b1250b?w=100&auto=format&fit=crop&q=60&ixlib=rb-4.0.3&ixid=M3wxMjA3fDB8MHxlZGl0b3JpYWwtZmVlZHwyfHx8ZW58MHx8fHx8,JPEG,"(100, 150)",RGB
unsplash_images\image_159,https://images.unsplash.com/photo-1718809070510-371f29994edd?w=100&auto=format&fit=crop&q=60&ixlib=rb-4.0.3&ixid=M3wxMjA3fDB8MHxlZGl0b3JpYWwtZmVlZHw2fHx8ZW58MHx8fHx8,JPEG,"(100, 150)",RGB
unsplash_images\image_161,https://images.unsplash.com/photo-1719046341462-d65e03c776ab?w=100&auto=format&fit=crop&q=60&ixlib=rb-4.0.3&ixid=M3wxMjA3fDB8MHxlZGl0b3JpYWwtZmVlZHwxMHx8fGVufDB8fHx8fA%3D%3D,JPEG,"(100, 75)",RGB
unsplash_images\image_163,https://plus.unsplash.com/premium_photo-1714675739336-0e4bc18f70a8?w=100&auto=format&fit=crop&q=60&ixlib=rb-4.0.3&ixid=M3wxMjA3fDB8MHxlZGl0b3JpYWwtZmVlZHwxM3x8fGVufDB8fHx8fA%3D%3D,JPEG,"(100, 150)",RGB
unsplash_images\image_165,https://images.unsplash.com/photo-1719208750955-cb740a420cf7?w=100&auto=format&fit=crop&q=60&ixlib=rb-4.0.3&ixid=M3wxMjA3fDB8MHxlZGl0b3JpYWwtZmVlZHwxNnx8fGVufDB8fHx8fA%3D%3D,JPEG,"(100, 150)",RGB
unsplash_images\image_167,https://images.unsplash.com/photo-1719145177916-1b19e965af72?w=100&auto=format&fit=crop&q=60&ixlib=rb-4.0.3&ixid=M3wxMjA3fDB8MHxlZGl0b3JpYWwtZmVlZHwyMHx8fGVufDB8fHx8fA%3D%3D,JPEG,"(100, 67)",RGB
unsplash_images\image_169,https://images.unsplash.com/photo-1719217469234-bb53c12ed515?w=100&auto=format&fit=crop&q=60&ixlib=rb-4.0.3&ixid=M3wxMjA3fDB8MHxlZGl0b3JpYWwtZmVlZHwyMnx8fGVufDB8fHx8fA%3D%3D,JPEG,"(100, 67)",RGB
unsplash_images\image_171,https://images.unsplash.com/photo-1718879329466-e19c8841b7bd?w=100&auto=format&fit=crop&q=60&ixlib=rb-4.0.3&ixid=M3wxMjA3fDB8MHxlZGl0b3JpYWwtZmVlZHwzfHx8ZW58MHx8fHx8,JPEG,"(100, 146)",RGB
unsplash_images\image_173,https://plus.unsplash.com/premium_photo-1714226830474-e0b8b733340b?w=100&auto=format&fit=crop&q=60&ixlib=rb-4.0.3&ixid=M3wxMjA3fDB8MHxlZGl0b3JpYWwtZmVlZHw1fHx8ZW58MHx8fHx8,JPEG,"(100, 67)",RGB
unsplash_images\image_175,https://images.unsplash.com/photo-1718703357908-4eafafd2df56?w=100&auto=format&fit=crop&q=60&ixlib=rb-4.0.3&ixid=M3wxMjA3fDB8MHxlZGl0b3JpYWwtZmVlZHw3fHx8ZW58MHx8fHx8,JPEG,"(100, 150)",RGB
unsplash_images\image_177,https://images.unsplash.com/photo-1718973818150-9c0c855d33b0?w=100&auto=format&fit=crop&q=60&ixlib=rb-4.0.3&ixid=M3wxMjA3fDB8MHxlZGl0b3JpYWwtZmVlZHwxMnx8fGVufDB8fHx8fA%3D%3D,JPEG,"(100, 56)",RGB
unsplash_images\image_179,https://images.unsplash.com/photo-1718963892270-04300c864522?w=100&auto=format&fit=crop&q=60&ixlib=rb-4.0.3&ixid=M3wxMjA3fDB8MHxlZGl0b3JpYWwtZmVlZHwxNHx8fGVufDB8fHx8fA%3D%3D,JPEG,"(100, 150)",RGB
unsplash_images\image_181,https://plus.unsplash.com/premium_photo-1714510332132-b3074b75a312?w=100&auto=format&fit=crop&q=60&ixlib=rb-4.0.3&ixid=M3wxMjA3fDB8MHxlZGl0b3JpYWwtZmVlZHwxN3x8fGVufDB8fHx8fA%3D%3D,JPEG,"(100, 72)",RGB
unsplash_images\image_183,https://images.unsplash.com/photo-1719129271869-7ea84f6335c0?w=100&auto=format&fit=crop&q=60&ixlib=rb-4.0.3&ixid=M3wxMjA3fDB8MHxlZGl0b3JpYWwtZmVlZHwxOXx8fGVufDB8fHx8fA%3D%3D,JPEG,"(100, 67)",RGB
unsplash_images\image_185,https://plus.unsplash.com/premium_photo-1716113144091-b39ddf3f045a?w=100&auto=format&fit=crop&q=60&ixlib=rb-4.0.3&ixid=M3wxMjA3fDB8MHxlZGl0b3JpYWwtZmVlZHwyMXx8fGVufDB8fHx8fA%3D%3D,JPEG,"(100, 67)",RGB
unsplash_images\image_187,https://images.unsplash.com/photo-1719240286501-dfd3f531b919?w=100&auto=format&fit=crop&q=60&ixlib=rb-4.0.3&ixid=M3wxMjA3fDB8MHxlZGl0b3JpYWwtZmVlZHwyM3x8fGVufDB8fHx8fA%3D%3D,JPEG,"(100, 150)",RGB
